"Volume","Image","Fanta_page","Comic_page","Panel","Story","Error_type","Change_From","Change_To"
"1","","","","","WDCS  34","censorship","[entire story deleted]","[story restored]"
"1","116","109","1","5","WDCS  36","error","[yellow cap]","[green cap]"
"1","145","138","18","6","The Mummy’s Ring","censorship","[black makeup lines removed]","[black makeup lines restored]"
"2","011","5","5","5","Frozen Gold","censorship","“sick villagers”","""sick eskimos”"
"2","015","9","9","1","Frozen Gold","error","[dot glitch]","[glitch removed]"
"2","022","16","16","5","Frozen Gold","censorship","“A building”","""An eskimo house”"
"2","022","16","16","6","Frozen Gold","censorship","“Hey, inside”","""Hey, eski’"
"2","022","16","16","7","Frozen Gold","censorship","“No answer, huh?”","""The eskimo doesn’t answer!” "
"2","023","17","17","1","Frozen Gold","censorship","“Odd fella”","""Queer guy”"
"2","023","17","17","1","Frozen Gold","censorship","“used to visitors”","""used to white men”"
"2","023","17","17","6","Frozen Gold","censorship","“Alaskan dog”","""eskimo dog”"
"2","030","24","24","3","Frozen Gold","censorship","“to the village”","""to the eskimos”"
"2","030","24","24","7","Frozen Gold","censorship","“sick villagers”","""sick eskimos”"
"2","103","97","7","2","WDCS  41","error","[top right corner glitch]","[glitch fixed]"
"2","107","101","1","6","WDCS  42","error","[bottom right corner glitch]","[glitch fixed]"
"2","158","152","2","5","WDCS  47","error","[two green caps]","[cap colour fixed]"
"2","176","170","10","4","WDCS  48","error","[two blue caps]","[cap colour fixed]"
"3","","","","","Silent Night","censorship","[entire story deleted]","[story restored]"
"3","070","61","7","4","WDCS  56","censorship","“It’s an ambush”","“It’s a Jap ambush”"
"3","070","61","7","5","WDCS  56","censorship","“little runts!”","“little slant-eyed nips!”"
"3","070","61","7","6","WDCS  56","censorship","“home”","“to Japan”"
"3","113","104","4","3","WDCS  61","error","['A' in away]","[glitch fixed]"
"3","113","104","4","3","WDCS  61","error","['G' in laughing]","[glitch fixed]"
"3","171","162","6","4","WDCS  66","error","[fishtail water glitch]","[glitch fixed]"
"3","208","199","13","1","The Firebug","censorship","[Blum-Jippe ending]","[GLK ending]"
"4","045","39","1","1","The Terror of the River!!","error","[all panels trimmed]","[all panels expanded]"
"4","088","82","6","2","WDCS  70","error","[Louie cap wrong]","[cap colour fixed]"
"4","088","82","6","3","WDCS  70","error","[Louie cap wrong]","[cap colour fixed]"
"4","088","82","6","7","WDCS  70","error","[Louie cap wrong]","[cap colour fixed]"
"4","101","95","1","6","WDCS  71","censorship","[butch’s cigarette missing]","[cigarette restored]"
"4","101","95","1","8","WDCS  71","censorship","[butch’s cigarette missing]","[cigarette restored]"
"4","102","96","2","1","WDCS  71","censorship","[butch’s cigarette missing]","[cigarette restored]"
"4","102","96","2","6","WDCS  71","censorship","[butch’s cigarette missing]","[cigarette restored]"
"4","107","101","7","1","WDCS  71","censorship","[butch’s cigarette missing]","[cigarette restored]"
"4","115","109","5","2","WDCS  72","error","[smudged beaks]","[retouched]"
"4","117","111","7","3","WDCS  72","error","[red cap]","[blue cap]"
"4","134","128","4","2","WDCS  75","error","[smudged 'Barks Dog Soup']","[retouched]"
"4","227","188a","3","","WDCS  74","censorship","[page 3 deleted]","[page 3 restored]"
"4","196","190","5","2","WDCS  74","error","[blue cap]","[green cap]"
"4","200","194","9","4","WDCS  74","error","[green cap]","[red cap]"
"7","033","20","20","3","Lost in the Andes!","censorship","“Th’”","“D’”"
"7","033","20","20","4","Lost in the Andes!","censorship","“Th’”","“D’”"
"7","033","20","20","5","Lost in the Andes!","censorship","“Toot th’ whistle! Blow th’ ho’ns! Call th’ president”","“Toot d’ whistle! Blow d’ ho’ns! Call d’ president”"
"7","033","20","20","8","Lost in the Andes!","censorship","“Whatevah th’ ducks”","“Whatevah d’ ducks”"
"7","033","20","20","8","Lost in the Andes!","censorship","“Th’ president awaits yo’ in the th’ main”","“D’ president awaits yo’ in the d’ main”"
"7","034","21","21","3","Lost in the Andes!","censorship","“Fetch th’ fust co’se of th’”","“Fetch d’ fust co’se of d’”"
"7","034","21","21","6","Lost in the Andes!","censorship","“We ain’t nevah been noplace!”","“We ain’t evah been noplace!”"
"7","034","21","21","7","Lost in the Andes!","censorship","“Oh that! That’s ‘cause”","“Oh dat! Dat’s ‘cause”"
"7","034","21","21","7","Lost in the Andes!","censorship","“frum, th’”","“frum d’”"
"7","034","21","21","7","Lost in the Andes!","censorship","“Waitah! Th’”","“Waitah! D’”"
"7","035","22","22","3","Lost in the Andes!","censorship","“They is”","“Dey is”"
"7","035","22","22","8","Lost in the Andes!","censorship","“else is theah”","“else is dere”"
"7","036","23","23","6","Lost in the Andes!","censorship","“That’s whut th’”","“Dat’s whut d’”"
"7","036","23","23","8","Lost in the Andes!","censorship","“theah been any”","“dere been any”"
"7","037","24","24","4","Lost in the Andes!","censorship","“that pass yonder! Every mawnin’ they’s”","“dat pass yonder! Every mawnin’ dey’s”"
"7","039","26","26","1","Lost in the Andes!","censorship","“That’s whut the”","“Dat’s whut de”"
"7","039","26","26","2","Lost in the Andes!","censorship","“findin’ the”","“findin’ de”"
"7","039","26","26","3","Lost in the Andes!","censorship","“By th’ way, how did yo’ find th’ birds?”","“By d’ way, how did yo’ find d’ birds?”"
"7","039","26","26","6","Lost in the Andes!","censorship","“th’ only law”","“d’ only law”"
"7","039","26","26","6","Lost in the Andes!","censorship","“the mos’ haynyus”","“de mos’ haynyus”"
"7","039","26","26","6","Lost in the Andes!","censorship","“of th’ century”","“of d’ century”"
"7","039","26","26","7","Lost in the Andes!","censorship","“in th’ statutes that”","“in d’ statutes dat”"
"7","039","26","26","7","Lost in the Andes!","censorship","“the rest of his life in th’”","“de rest of his life in d’”"
"7","040","27","27","1","Lost in the Andes!","censorship","“That should”","“Dat should”"
"7","040","27","27","2","Lost in the Andes!","censorship","“On th’ day”","“On d’ day”"
"7","040","27","27","2","Lost in the Andes!","censorship","“th’ multitude on the grand altah stone of th’”","“d’ multitude on de grand altah stone of d’”"
"7","041","28","28","1","Lost in the Andes!","censorship","“flock of th’”","“flock of d’”"
"7","041","28","28","3","Lost in the Andes!","censorship","“boiled this bird”","“boiled dis bird”"
"7","042","29","29","1","Lost in the Andes!","censorship","“This is the big”","“Dis is de big”"
"7","042","29","29","1","Lost in the Andes!","censorship","“sweat in the”","“sweat in de”"
"7","042","29","29","2","Lost in the Andes!","censorship","“of the shape”","“of de shape”"
"7","042","29","29","3","Lost in the Andes!","censorship","“Theah they blows”","“Dere dey blows”"
"7","044","31","31","1","Lost in the Andes!","censorship","“improve theah”","“improve dere”"
"7","044","31","31","2","Lost in the Andes!","censorship","“th’ gents patter down th’ old cowhide”","“d’ gents patter down d’ old cowhide”"
"7","066","53","1","1","Race to the South Seas","error","[MOC issue number]","[number removed]"
"7","088","75","1","1","Voodoo Hoodoo","censorship","[half-closed eyelids]","[blank eyeballs]"
"7","088","75","1","2","Voodoo Hoodoo","censorship","[half-closed eyelids]","[blank eyeballs]"
"7","088","75","1","5","Voodoo Hoodoo","censorship","“wouldn’t stay done fer”","“wouldn’t stay dead”"
"7","088","75","1","5","Voodoo Hoodoo","censorship","[half-closed eyelids]","[blank eyeballs]"
"7","088","75","1","8","Voodoo Hoodoo","censorship","[half-closed eyelids]","[blank eyeballs]"
"7","089","76","2","1","Voodoo Hoodoo","censorship","[half-closed eyelids]","[blank eyeballs]"
"7","089","76","2","2","Voodoo Hoodoo","censorship","[half-closed eyelids]","[blank eyeballs]"
"7","089","76","2","6","Voodoo Hoodoo","censorship","[half-closed eyelids]","[blank eyeballs]"
"7","093","80","6","8","Voodoo Hoodoo","censorship","[half-closed eyelids]","[blank eyeballs]"
"7","095","82","8","2","Voodoo Hoodoo","censorship","[half-closed eyelids]","[blank eyeballs]"
"7","095","82","8","3","Voodoo Hoodoo","censorship","[half-closed eyelids]","[blank eyeballs]"
"7","095","82","8","8","Voodoo Hoodoo","censorship","[half-closed eyelids]","[blank eyeballs]"
"7","096","83","9","2","Voodoo Hoodoo","censorship","[half-closed eyelids]","[blank eyeballs]"
"7","096","83","9","3","Voodoo Hoodoo","censorship","[half-closed eyelids]","[blank eyeballs]"
"7","096","83","9","4","Voodoo Hoodoo","censorship","[half-closed eyelids]","[blank eyeballs]"
"7","096","83","9","7","Voodoo Hoodoo","censorship","[half-closed eyelids]","[blank eyeballs]"
"7","097","84","10","1","Voodoo Hoodoo","censorship","[half-closed eyelids]","[blank eyeballs]"
"7","097","84","10","5","Voodoo Hoodoo","censorship","[half-closed eyelids]","[blank eyeballs]"
"7","097","84","10","6","Voodoo Hoodoo","censorship","[half-closed eyelids]","[blank eyeballs]"
"7","097","84","10","7","Voodoo Hoodoo","censorship","[half-closed eyelids]","[blank eyeballs]"
"7","099","86","12","5","Voodoo Hoodoo","censorship","[half-closed eyelids]","[blank eyeballs]"
"7","099","86","12","6","Voodoo Hoodoo","censorship","[half-closed eyelids]","[blank eyeballs]"
"7","100","87","13","3","Voodoo Hoodoo","censorship","[half-closed eyelids]","[blank eyeballs]"
"7","100","87","13","4","Voodoo Hoodoo","censorship","[half-closed eyelids]","[blank eyeballs]"
"7","101","88","14","5","Voodoo Hoodoo","censorship","[half-closed eyelids]","[blank eyeballs]"
"7","101","88","14","8","Voodoo Hoodoo","censorship","[half-closed eyelids]","[blank eyeballs]"
"7","102","89","15","1","Voodoo Hoodoo","censorship","[half-closed eyelids]","[blank eyeballs]"
"7","102","89","15","4","Voodoo Hoodoo","censorship","[half-closed eyelids]","[blank eyeballs]"
"7","102","89","15","6","Voodoo Hoodoo","censorship","[half-closed eyelids]","[blank eyeballs]"
"7","103","90","16","8","Voodoo Hoodoo","censorship","[half-closed eyelids]","[blank eyeballs]"
"7","104","91","17","2","Voodoo Hoodoo","censorship","[half-closed eyelids]","[blank eyeballs]"
"7","107","94","20","3","Voodoo Hoodoo","censorship","[half-closed eyelids]","[blank eyeballs]"
"7","109","96","22","8","Voodoo Hoodoo","censorship","“done for”","""dead”"
"7","109","96","22","8","Voodoo Hoodoo","censorship","[half-closed eyelids]","[blank eyeballs]"
"7","110","97","23","3","Voodoo Hoodoo","censorship","[half-closed eyelids]","[blank eyeballs]"
"7","110","97","23","5","Voodoo Hoodoo","censorship","[half-closed eyelids]","[blank eyeballs]"
"7","110","97","23","6","Voodoo Hoodoo","censorship","[half-closed eyelids]","[blank eyeballs]"
"7","118","105","31","8","Voodoo Hoodoo","censorship","[half-closed eyelids]","[blank eyeballs]"
"7","119","106","32","1","Voodoo Hoodoo","censorship","[half-closed eyelids]","[blank eyeballs]"
"7","119","106","32","3","Voodoo Hoodoo","censorship","[half-closed eyelids]","[blank eyeballs]"
"7","159","147","1","7","WDCS 102","error","[WDC #102-493]","[removed]"
"7","179","167","1","7","WDCS 104","error","[smudged ink lines]","[cleaned ink lines]"
"7","185","173","7","2","WDCS 104","error","[dot glitch]","[glitch removed]"
"7","185","173","7","4","WDCS 104","error","[uncolored part of beak]","[beak colored]"
"7","188","176","10","7","WDCS 104","error","[smudged ink lines]","[cleaned ink lines]"
"7","193","181","5","3","WDCS 105","error","[beak glitches]","[glitches removed]"
"7","195","183","7","5","WDCS 105","error","[dot glitch]","[glitch removed]"
"7","197","185","9","3","WDCS 105","error","[dot glitch]","[glitch removed]"
"7","198","186","10","7","WDCS 105","error","[line on eye glitch]","[glitch removed]"
"7","199","187","1","2","WDCS 106","error","['i' glitch]","[glitch removed]"
"8","043","37","1","5","WDCS 108","error","[’e’ glitch]","[glitch removed]"
"8","084","78","6","4","WDCS 109","error","[dot glitch]","[glitch removed]"
"8","089","83","1","1","WDCS 110","error","[dot glitch]","[glitch removed]"
"8","093","87","5","7","WDCS 110","error","[dot glitch]","[glitch removed]"
"8","153","147","1","8","WDCS 112","error","[dot glitch]","[glitch removed]"
"8","154","148","2","8","WDCS 112","error","[blue cap]","[green cap]"
"8","159","153","7","7","WDCS 112","error","[white whiskers]","[brown whiskers]"
"8","162","156","10","5","WDCS 112","error","[smudged ink lines]","[cleaned ink lines]"
"8","192","186","6","6","WDCS 114","error","[blue cap colour missing]","[restored cap colour]"
"10","045","40","2","4","WDCS 124","error","[dot glitch]","[glitch removed]"
"10","047","42","4","3","WDCS 124","error","[dot glitch]","[glitch removed]"
"10","053","48","10","2","WDCS 124","error","[dot glitch]","[glitch removed]"
"10","098","93","7","8","WDCS 126","error","[eye glitches]","[glitches removed]"
"10","102","97","1","5","WDCS 127","error","[dot glitch]","[glitch removed]"
"10","103","98","2","2","WDCS 127","error","[eye smudge]","[smudge removed]"
"10","104","99","3","3","WDCS 127","error","[eye smudge]","[smudge removed]"
"10","105","100","4","2","WDCS 127","error","[dot glitch]","[glitch removed]"
"10","106","101","5","1","WDCS 127","error","[dot glitch]","[glitch removed]"
"10","108","103","7","3","WDCS 127","error","[dot glitch]","[glitch removed]"
"10","109","104","8","3","WDCS 127","error","[dot glitch]","[glitch removed]"
"10","147","142","8","5","WDCS 128","error","[shirts wrong]","[shirts fixed]"
"10","151","146","2","1","WDCS 129","error","[eye glitches]","[glitches removed]"
"10","155","150","6","5","WDCS 129","error","[dot glitch]","[glitch removed]"
"10","157","152","8","4","WDCS 129","error","[dot glitch]","[glitch removed]"
"10","175","170","6","3","WDCS 131","error","[wrong cap colours]","[cap colours fixed]"
"10","175","170","6","5","WDCS 131","error","[smudged beak]","[retouched beak]"
"10","200","195","3","2","WDCS 133","error","[smudged eyes and beak]","[retouched]"
"10","215","210","","","WDCS 132","error","[missed color right edge]","[fixed color]"
"11","042","37","5","2","WDCS 135","error","[dot glitch]","[glitch removed]"
"11","068","63","1","7","WDCS 138","error","[yellow trim US coat]","[no trim]"
"11","070","65","3","5","WDCS 138","error","[yellow trim US coat]","[no trim]"
"11","070","65","3","6","WDCS 138","error","[yellow trim US coat]","[no trim]"
"11","070","65","3","7","WDCS 138","error","[yellow trim US coat]","[no trim]"
"11","070","65","3","8","WDCS 138","error","[yellow trim US coat]","[no trim]"
"11","071","66","4","1","WDCS 138","error","[yellow trim US coat]","[no trim]"
"11","071","66","4","2","WDCS 138","error","[yellow trim US coat]","[no trim]"
"11","071","66","4","3","WDCS 138","error","[yellow trim US coat]","[no trim]"
"11","071","66","4","4","WDCS 138","error","[yellow trim US coat]","[no trim]"
"11","071","66","4","5","WDCS 138","error","[yellow trim US coat]","[no trim]"
"11","071","66","4","7","WDCS 138","error","[yellow trim US coat]","[no trim]"
"11","072","67","5","5","WDCS 138","error","[yellow trim US coat]","[no trim]"
"11","073","68","6","2","WDCS 138","error","[yellow trim US coat]","[no trim]"
"11","073","68","6","4","WDCS 138","error","[yellow trim US coat]","[no trim]"
"11","074","69","7","5","WDCS 138","error","[yellow trim US coat]","[no trim]"
"11","075","70","8","1","WDCS 138","error","[yellow trim US coat]","[no trim]"
"11","075","70","8","2","WDCS 138","error","[yellow trim US coat]","[no trim]"
"11","076","71","9","2","WDCS 138","error","[yellow trim US coat]","[no trim]"
"11","077","72","10","1","WDCS 138","error","[yellow trim US coat]","[no trim]"
"11","077","72","10","2","WDCS 138","error","[yellow trim US coat]","[no trim]"
"11","077","72","10","3","WDCS 138","error","[yellow trim US coat]","[no trim]"
"11","077","72","10","4","WDCS 138","error","[yellow trim US coat]","[no trim]"
"11","077","72","10","5","WDCS 138","error","[yellow trim US coat]","[no trim]"
"11","077","72","10","7","WDCS 138","error","[yellow trim US coat]","[no trim]"
"11","077","72","10","8","WDCS 138","error","[yellow trim US coat]","[no trim]"
"11","080","75","3","7","WDCS 139","error","[dot glitch]","[glitch removed]"
"11","081","76","4","3","WDCS 139","error","[blue cap]","[red cap]"
"11","091","86","4","4","WDCS 140","error","[smudged ink lines]","[cleaned ink lines]"
"11","144","139","1","3","WDCS 142","error","[dot glitches]","[glitches removed]"
"11","145","140","2","8","WDCS 142","error","[dot glitches]","[glitches removed]"
"11","146","141","3","2","WDCS 142","error","[red cap]","[green cap]"
"11","147","142","4","4","WDCS 142","error","[blue cap]","[green cap]"
"11","181","176","18","8","The Gilded Man","error","[white cap]","[red cap]"
"11","213","208","","","WDCS 135","error","[missed color right edge]","[fixed color]"
"11","221","216","","","WDCS 139","error","[missed color right edge]","[fixed color]"
"11","223","218","","","WDCS 140","error","[missed color right edge]","[fixed color]"
"11","229","224","","","WDCS 142","error","[missed color right edge]","[fixed color]"
"11","231","226","","","WDCS 143","error","[missed color right edge]","[fixed color]"
"11","231","226","","","WDCS 143","error","['A' cut off from 'AUGUST']","[fixed 'A']"
"11","235","230","","","WDCS 144","error","['S' cut off from 'SEPTEMBER']","[fixed 'S']"
"12","231","224","","","The Horseradish Story","error","[missed color right edge]","[fixed color]"
"13","154","149","7","5","WDCS 155","error","[wrong cap colours]","[cap colours fixed]"
"13","198","193","","","WDCS 151","error","[missed color left edge]","[fixed color]"
"14","187","182","6","7,8","The Golden Fleecing","censorship","“eikral”","“eiprah”"
"14","188","183","7","1","The Golden Fleecing","censorship","“eikral”","“eiprah”"
"14","190","185","9","8","The Golden Fleecing","censorship","“eikral”","“eiprah”"
"14","194","189","13","4","The Golden Fleecing","censorship","“larkies”","“harpies”"
"14","194","189","13","6","The Golden Fleecing","censorship","“eikral”","“eiprah”"
"14","194","189","13","6","The Golden Fleecing","censorship","“larkie”","“harpie”"
"14","194","189","13","7","The Golden Fleecing","censorship","“larkie”","“harpie”"
"14","194","189","13","8","The Golden Fleecing","censorship","“eikral”","“eiprah”"
"14","194","189","13","8","The Golden Fleecing","censorship","“larkie”","“harpie”"
"14","195","190","14","1","The Golden Fleecing","censorship","“larkies”","“harpies’"
"14","195","190","14","6","The Golden Fleecing","censorship","“larkies”","“harpies’"
"14","196","191","15","4","The Golden Fleecing","censorship","“larkies”","“harpies’"
"14","196","191","15","5","The Golden Fleecing","censorship","“larkies”","“harpies’"
"14","197","192","16","1","The Golden Fleecing","censorship","“larkies”","“harpies’"
"14","199","194","18","1","The Golden Fleecing","censorship","“larkies”","“harpies’"
"14","199","194","18","2","The Golden Fleecing","censorship","“larkies”","“harpies’"
"14","200","195","19","1","The Golden Fleecing","censorship","“larkies”","“harpies’"
"14","200","195","19","2","The Golden Fleecing","censorship","“larkie”","“harpie”"
"14","200","195","19","6","The Golden Fleecing","censorship","“larkies”","“harpies”"
"14","201","196","20","1","The Golden Fleecing","censorship","“larkies”","“harpies”"
"14","201","196","20","2","The Golden Fleecing","censorship","“larkie”","“harpie”"
"14","202","197","21","1","The Golden Fleecing","censorship","“larkies”","“harpies”"
"14","202","197","21","3","The Golden Fleecing","censorship","“larkie”","“harpie”"
"14","202","197","21","7","The Golden Fleecing","censorship","“larkie”","“harpie”"
"14","203","198","22","2","The Golden Fleecing","censorship","“larkies”","“harpies”"
"14","204","199","23","4","The Golden Fleecing","censorship","“seikral”","“seiprah”"
"14","204","199","23","8","The Golden Fleecing","censorship","“seikral”","“seiprah”"
"14","205","200","24","1","The Golden Fleecing","censorship","“seikral”","“seiprah”"
"14","205","200","24","3","The Golden Fleecing","censorship","“larkies”","“harpies”"
"14","205","200","24","4","The Golden Fleecing","censorship","“larkies”","“harpies”"
"14","206","201","25","4","The Golden Fleecing","censorship","“larkies”","“harpies”"
"14","206","201","25","5","The Golden Fleecing","censorship","“larkies”","“harpies”"
"14","207","202","26","1","The Golden Fleecing","censorship","“larkies”","“harpies”"
"14","212","207","31","8","The Golden Fleecing","censorship","“larkies”","“harpies”"
"14","213","208","32","8","The Golden Fleecing","error","[US logo]","[parsnip pudding]"
"16","156","149","27","8","A Cold Bargain","error","[empty space]","[US coins]"
"16","209","202","","1","Back to Long Ago!","error","[uncentred panel]","[centred panel]"
"18","161","154","4","1","WDCS 203","error","[wrong cap colour]","[cap colour fixed]"
"21","114","108","8","4","WDCS 225","censorship","""conflagration”","“holocaust”"
"23","011","5","5","8","WDCS 232","censorship","“kidnapped”","“shanghaied”"
"23","024","18","8","7","WDCS 228","censorship","“bunch”","“mob”"
"23","027","21","1","1","WDCS 229","censorship","“angry”","“violent”"
"23","047","41","1","4","WDCS 231","censorship","","“From an Indian war chief”"
"23","082","76","2","5","WDCS 234","censorship","“head”","“scalp”"
"23","085","79","5","3","WDCS 234","censorship","“We're Indians, we don't dig”","“We Indians! We no diggum”"
"23","154","148","4","1","Trail Tycoon","censorship","“want-um head”","“want-um scalp”"
"23","154","148","4","4","Trail Tycoon","censorship","“up on my head”","“up on my scalp”"
"25","152","147","1","5","Let Sleeping Bones Lie","error","D/D 2003-003","removed"
"26","070","64","2","5","Bongo on the Congo","censorship","“bandits”","“rebels”"
"26","070","64","2","6","Bongo on the Congo","censorship","“bandits”","“rebels”"
"26","070","64","2","7","Bongo on the Congo","censorship","“police”","“officers”"
"26","072","66","4","6","Bongo on the Congo","censorship","“bandits”","“rebels”"
"26","072","66","4","7","Bongo on the Congo","censorship","“bandits”","“rebels”"
"26","073","67","5","8","Bongo on the Congo","censorship","“Duk Duk”","“Mau Mau”"
"26","074","68","6","1","Bongo on the Congo","censorship","“Duk Duk”","“Mau Mau”"
"26","074","68","6","2","Bongo on the Congo","censorship","“Duk Duk”","“Mau Mau”"
"26","074","68","6","2","Bongo on the Congo","censorship","[missing plane colour]","[added plane colour]"
"26","074","68","6","5","Bongo on the Congo","censorship","“Duk Duk”","“Mau Mau”"
"26","074","68","6","7","Bongo on the Congo","censorship","“Duk Duk”","“Mau Mau”"
"26","074","68","6","7","Bongo on the Congo","censorship","“warlock”","“voodoo”"
"26","074","68","6","7","Bongo on the Congo","censorship","“webfoot”","“Duk Duk”"
"26","075","69","7","7","Bongo on the Congo","censorship","[punk hairstyles]","[curly hair]"
"26","076","70","8","1","Bongo on the Congo","censorship","“Duk Duks”","“Mau Maus”"
"26","076","70","8","1","Bongo on the Congo","censorship","[bone removed]","[bone added]"
"26","076","70","8","2","Bongo on the Congo","censorship","[bald heads]","[curly hair]"
"26","076","70","8","3","Bongo on the Congo","censorship","“bandit”","“rebel”"
"26","076","70","8","3","Bongo on the Congo","censorship","[bone removed]","[bone added]"
